,City,Latitude,Longitude,Max Temp,Humidity,Cloudiness,Wind Speed,Country,Date
0,Vila Velha,-20.33,-40.29,66.2,93,40,2.24,BR,1596949795
1,Atikokan,48.76,-91.62,61.03,60,78,3.96,CA,1596949795
2,Tiksi,71.69,128.87,38.3,92,100,15.01,RU,1596949795
3,Katherine,-14.47,132.27,87.8,22,12,9.17,AU,1596949796
4,Mataura,-46.19,168.86,48.0,90,100,15.99,NZ,1596949796
5,Ushuaia,-54.8,-68.3,33.8,74,75,8.05,AR,1596949577
6,Tuktoyaktuk,69.45,-133.04,46.4,100,90,28.86,CA,1596949797
7,Punta Arenas,-53.15,-70.92,33.8,86,17,8.05,CL,1596949519
8,Marzuq,14.4,46.47,82.11,43,99,7.18,YE,1596949797
9,Busselton,-33.65,115.33,59.0,67,100,20.65,AU,1596949798
10,Avarua,-21.21,-159.78,73.4,94,42,5.82,CK,1596949798
11,Saskylakh,71.92,114.08,44.31,86,100,15.93,RU,1596949798
12,Hasaki,35.73,140.83,97.0,63,75,9.17,JP,1596949799
13,Pevek,69.7,170.31,36.36,99,100,13.67,RU,1596949800
14,Hobart,-42.88,147.33,52.0,70,20,9.17,AU,1596949786
15,Vaini,-21.2,-175.2,75.2,69,20,9.17,TO,1596949801
16,Arlit,18.74,7.39,83.12,56,100,7.56,NE,1596949802
17,Aioi,34.8,134.47,89.6,62,75,2.24,JP,1596949802
18,Rikitea,-23.12,-134.97,71.02,71,61,20.65,PF,1596949802
19,New Norfolk,-42.78,147.06,52.0,78,0,1.05,AU,1596949803
20,Kaa-Khem,51.68,94.73,70.88,47,1,3.6,RU,1596949803
21,Geraldton,-28.77,114.6,62.6,77,75,20.8,AU,1596949804
22,Jalu,29.03,21.55,76.1,68,0,5.5,LY,1596949804
23,Yar-Sale,66.83,70.83,56.52,73,92,9.71,RU,1596949531
24,Oussouye,12.48,-16.55,78.8,100,40,2.24,SN,1596949805
25,Oktyabr'skiy,54.48,53.47,54.45,90,100,16.78,RU,1596949805
26,Hilo,19.73,-155.09,80.6,69,40,3.36,US,1596949805
27,Dongsheng,39.82,109.98,87.98,13,0,19.42,CN,1596949806
28,Alugan,12.22,125.48,80.73,75,100,5.5,PH,1596949806
29,Chui,-33.7,-53.46,55.38,86,65,7.52,UY,1596949807
30,Albany,42.6,-73.97,73.0,80,32,2.33,US,1596949680
31,Leningradskiy,69.38,178.42,49.91,63,42,15.35,RU,1596949807
32,Srednekolymsk,67.45,153.68,61.32,36,31,8.39,RU,1596949807
33,Eyl,7.98,49.82,81.09,49,11,29.04,SO,1596949808
34,George Town,5.41,100.34,89.6,70,20,4.7,MY,1596949808
36,Codrington,-38.27,141.97,54.79,74,89,17.31,AU,1596949809
37,Nikolskoye,59.7,30.79,68.0,77,8,4.47,RU,1596949809
38,Plettenberg Bay,-34.05,23.37,56.14,50,20,10.02,ZA,1596949810
39,Jamestown,42.1,-79.24,62.6,77,1,3.18,US,1596949681
40,Kaitangata,-46.28,169.85,51.01,61,100,17.0,NZ,1596949810
41,Iqaluit,63.75,-68.51,44.6,75,20,10.29,CA,1596949811
42,Port Alfred,-33.59,26.89,60.6,37,0,19.6,ZA,1596949811
43,San Felipe,10.34,-68.74,72.5,92,100,2.84,VE,1596949811
44,Vila Velha,-20.33,-40.29,66.2,93,40,2.24,BR,1596949795
45,Atikokan,48.76,-91.62,61.03,60,78,3.96,CA,1596949795
46,Tiksi,71.69,128.87,38.3,92,100,15.01,RU,1596949795
47,Katherine,-14.47,132.27,87.8,22,12,9.17,AU,1596949796
48,Mataura,-46.19,168.86,48.0,90,100,15.99,NZ,1596949796
49,Ushuaia,-54.8,-68.3,33.8,74,75,8.05,AR,1596949577
50,Tuktoyaktuk,69.45,-133.04,46.4,100,90,28.86,CA,1596949797
51,Punta Arenas,-53.15,-70.92,33.8,86,17,8.05,CL,1596949519
52,Marzuq,14.4,46.47,82.11,43,99,7.18,YE,1596949797
53,Busselton,-33.65,115.33,59.0,67,100,20.65,AU,1596949798
54,Avarua,-21.21,-159.78,73.4,94,42,5.82,CK,1596949798
55,Saskylakh,71.92,114.08,44.31,86,100,15.93,RU,1596949798
56,Hasaki,35.73,140.83,97.0,63,75,9.17,JP,1596949799
57,Pevek,69.7,170.31,36.36,99,100,13.67,RU,1596949800
58,Hobart,-42.88,147.33,52.0,70,20,9.17,AU,1596949786
59,Vaini,-21.2,-175.2,75.2,69,20,9.17,TO,1596949801
60,Arlit,18.74,7.39,83.12,56,100,7.56,NE,1596949802
61,Aioi,34.8,134.47,89.6,62,75,2.24,JP,1596949802
62,Rikitea,-23.12,-134.97,71.02,71,61,20.65,PF,1596949802
63,New Norfolk,-42.78,147.06,52.0,78,0,1.05,AU,1596949803
64,Kaa-Khem,51.68,94.73,70.88,47,1,3.6,RU,1596949803
65,Geraldton,-28.77,114.6,62.6,77,75,20.8,AU,1596949804
66,Jalu,29.03,21.55,76.1,68,0,5.5,LY,1596949804
67,Yar-Sale,66.83,70.83,56.52,73,92,9.71,RU,1596949531
68,Oussouye,12.48,-16.55,78.8,100,40,2.24,SN,1596949805
69,Oktyabr'skiy,54.48,53.47,54.45,90,100,16.78,RU,1596949805
70,Hilo,19.73,-155.09,80.6,69,40,3.36,US,1596949805
71,Dongsheng,39.82,109.98,87.98,13,0,19.42,CN,1596949806
72,Alugan,12.22,125.48,80.73,75,100,5.5,PH,1596949806
73,Chui,-33.7,-53.46,55.38,86,65,7.52,UY,1596949807
74,Albany,42.6,-73.97,73.0,80,32,2.33,US,1596949680
75,Leningradskiy,69.38,178.42,49.91,63,42,15.35,RU,1596949807
76,Srednekolymsk,67.45,153.68,61.32,36,31,8.39,RU,1596949807
77,Eyl,7.98,49.82,81.09,49,11,29.04,SO,1596949808
78,George Town,5.41,100.34,89.6,70,20,4.7,MY,1596949808
80,Codrington,-38.27,141.97,54.79,74,89,17.31,AU,1596949809
81,Nikolskoye,59.7,30.79,68.0,77,8,4.47,RU,1596949809
82,Plettenberg Bay,-34.05,23.37,56.14,50,20,10.02,ZA,1596949810
83,Jamestown,42.1,-79.24,62.6,77,1,3.18,US,1596949681
84,Kaitangata,-46.28,169.85,51.01,61,100,17.0,NZ,1596949810
85,Iqaluit,63.75,-68.51,44.6,75,20,10.29,CA,1596949811
86,Port Alfred,-33.59,26.89,60.6,37,0,19.6,ZA,1596949811
87,San Felipe,10.34,-68.74,72.5,92,100,2.84,VE,1596949811
88,Marquette,46.53,-87.63,66.99,90,9,6.11,US,1596949660
89,Téra,14.01,0.75,77.43,75,89,14.27,NE,1596949890
90,La Rioja,42.25,-2.5,68.0,88,24,2.24,ES,1596949891
91,Vostok,46.49,135.88,73.94,73,71,3.24,RU,1596949893
92,Hong Kong,22.29,114.16,89.6,62,20,8.05,HK,1596949894
93,Mar del Plata,-38.0,-57.56,54.0,100,76,11.41,AR,1596949629
94,Muncar,-8.43,114.33,84.06,64,7,6.64,ID,1596949896
95,Fare,-16.7,-151.02,78.67,79,1,20.94,PF,1596949897
96,Shyryayeve,47.38,30.2,70.34,63,0,13.24,UA,1596949899
97,Yellowknife,62.46,-114.35,64.4,77,75,5.82,CA,1596949900
98,Cape Town,-33.93,18.42,57.0,87,75,16.11,ZA,1596949633
99,Lebanon,36.21,-86.29,71.6,88,1,3.51,US,1596949902
100,Puerto Ayora,-0.74,-90.35,66.0,92,69,8.3,EC,1596949904
101,Xihe,31.69,113.47,89.28,66,41,2.64,CN,1596949905
102,Hervey Bay,-25.3,152.85,69.01,54,0,3.0,AU,1596949835
103,Thompson,55.74,-97.86,62.6,77,75,19.46,CA,1596949907
104,Qaanaaq,77.48,-69.36,38.62,71,69,5.3,GL,1596949909
105,Bonavista,48.65,-53.11,64.0,83,100,3.0,CA,1596949910
106,Souillac,-20.52,57.52,68.0,68,75,17.22,MU,1596949911
107,Kavieng,-2.57,150.8,82.83,72,98,3.71,PG,1596949912
108,Port Lincoln,-34.73,135.87,56.77,70,54,9.06,AU,1596949913
109,Sinnamary,5.38,-52.95,77.56,87,96,6.76,GF,1596949915
110,Nome,64.5,-165.41,50.0,76,75,9.17,US,1596949916
111,Lebu,-37.62,-73.65,48.76,94,100,6.53,CL,1596949917
112,Nanortalik,60.14,-45.24,41.99,79,40,5.82,GL,1596949918
113,Hobyo,5.35,48.53,78.3,62,77,24.47,SO,1596949919
114,Hermanus,-34.42,19.23,57.0,75,41,5.01,ZA,1596949920
115,Kruisfontein,-34.0,24.73,49.51,48,0,8.88,ZA,1596949922
116,Arraial do Cabo,-22.97,-42.03,69.87,81,0,14.63,BR,1596949923
117,Gachsaran,30.36,50.8,95.0,30,0,1.88,IR,1596949924
118,East London,-33.02,27.91,71.6,17,0,18.34,ZA,1596949925
119,Torbay,47.67,-52.73,64.99,77,75,17.22,CA,1596949927
120,Naryan-Mar,67.67,53.09,52.61,77,99,4.81,RU,1596949644
121,Egvekinot,66.32,-179.17,50.29,71,57,6.42,RU,1596949929
122,Broken Hill,-31.95,141.43,50.0,76,73,11.41,AU,1596949930
123,Naze,28.37,129.48,89.6,75,75,20.8,JP,1596949931
124,Khatanga,71.97,102.5,49.6,80,100,13.51,RU,1596949933
125,Bluff,-46.6,168.33,48.0,91,100,17.0,NZ,1596949804
126,Pimentel,-6.84,-79.93,59.63,91,73,9.4,PE,1596949935
127,Galveston,29.37,-94.97,87.01,74,1,10.29,US,1596949936
128,Narsaq,60.92,-46.05,46.4,75,58,4.7,GL,1596949937
129,Tasiilaq,65.61,-37.64,41.0,93,100,14.99,GL,1596949939
130,Port Elizabeth,-33.92,25.57,59.0,58,0,13.87,ZA,1596949940
131,Havre-St-Pierre,50.23,-63.6,59.0,93,90,5.82,CA,1596949941
132,Isangel,-19.55,169.27,80.6,57,20,9.17,VU,1596949943
133,Saqqez,36.25,46.27,72.93,35,0,4.45,IR,1596949944
134,Aberdeen,57.14,-2.1,46.4,93,90,2.24,GB,1596949945
135,Huaicheng,23.91,112.19,88.83,74,100,2.51,CN,1596949946
136,Taoudenni,22.68,-3.98,97.11,23,0,8.25,ML,1596949947
137,Siguiri,11.67,-9.5,70.12,96,72,4.03,GN,1596949949
138,Carnarvon,-24.87,113.63,68.0,100,75,18.34,AU,1596949812
139,Juneau,58.3,-134.42,55.99,93,90,10.29,US,1596949721
140,Jumla,29.27,82.18,72.93,63,92,4.76,NP,1596949954
141,Barra de Tecoanapa,16.52,-98.75,78.21,84,100,5.95,MX,1596949956
142,Bredasdorp,-34.53,20.04,57.2,67,6,16.11,ZA,1596949957
143,Micheweni,-4.97,39.83,76.55,72,83,14.67,TZ,1596949958
144,Mount Isa,-20.73,139.5,71.6,13,0,13.87,AU,1596949959
145,Forestville,38.85,-76.88,77.0,94,1,3.36,US,1596949960
146,Vanimo,-2.67,141.3,86.77,62,96,2.77,PG,1596949961
147,Klaksvík,62.23,-6.59,50.0,100,8,5.82,FO,1596949963
148,Hithadhoo,-0.6,73.08,82.67,79,90,12.06,MV,1596949964
149,Barrow,71.29,-156.79,50.0,81,90,10.4,US,1596949853
151,Cap-aux-Meules,47.38,-61.86,68.85,74,22,13.29,CA,1596949967
152,Praia,14.92,-23.51,77.0,78,20,13.87,CV,1596949969
153,Bengkulu,-3.8,102.27,83.55,73,20,4.43,ID,1596949970
154,Manyana,-23.4,21.72,48.56,63,0,7.54,BW,1596949971
155,Laguna,38.42,-121.42,77.0,47,1,11.41,US,1596949972
156,Saldanha,-33.01,17.94,57.2,87,88,10.29,ZA,1596949973
157,São João da Barra,-21.64,-41.05,68.56,83,0,4.32,BR,1596949736
158,Palmer,42.16,-72.33,70.0,88,1,4.7,US,1596949976
159,Hammerfest,70.66,23.68,53.6,100,94,24.16,NO,1596949977
160,Bathsheba,13.22,-59.52,82.4,83,75,16.11,BB,1596949978
161,Mount Gambier,-37.83,140.77,59.0,72,75,14.99,AU,1596949972
162,San Rafael,-34.62,-68.33,54.16,39,57,3.76,AR,1596949980
163,Rapid Valley,44.06,-103.15,66.2,68,1,3.36,US,1596949981
164,Bo Phloi,14.32,99.52,91.58,54,66,9.28,TH,1596949983
165,Bilecik Province,40.0,30.17,71.6,93,75,9.17,TR,1596949948
166,Atasū,48.68,71.64,80.62,32,41,23.15,KZ,1596949985
167,Kapaa,22.08,-159.32,80.6,78,40,14.99,US,1596949986
168,Susanville,40.42,-120.65,78.8,24,1,6.93,US,1596949987
169,Rock Sound,24.9,-76.2,83.44,72,1,8.34,BS,1596949989
170,Loukhi,66.08,33.04,62.98,80,98,3.29,RU,1596949990
171,Chokurdakh,70.63,147.92,47.46,53,100,5.39,RU,1596949991
172,Port Blair,11.67,92.75,80.65,82,100,18.59,IN,1596949993
173,Gunjur,13.2,-16.73,78.8,94,40,4.7,GM,1596949994
174,Grand Gaube,-20.01,57.66,71.01,61,38,13.0,MU,1596949995
175,Lavrentiya,65.58,-171.0,48.18,70,0,8.37,RU,1596949996
176,Thānesar,29.98,76.82,95.16,52,8,3.38,IN,1596949997
177,Acapulco de Juárez,16.86,-99.89,78.64,80,100,8.63,MX,1596949877
178,Qena,26.16,32.72,84.2,37,24,11.05,EG,1596950000
179,Castro,-24.79,-50.01,51.44,79,0,3.27,BR,1596950001
180,Santa Maria,-29.68,-53.81,58.84,86,0,4.14,BR,1596950002
181,Salalah,17.02,54.09,78.8,88,75,3.36,OM,1596950003
182,Hualmay,-11.1,-77.61,58.87,86,11,6.44,PE,1596950004
183,Airai,-8.93,125.41,78.17,48,34,2.1,TL,1596950005
184,Awjilah,29.11,21.29,75.51,69,0,6.15,LY,1596950007
185,Okhotsk,59.38,143.3,69.26,52,78,7.83,RU,1596950008
186,Paso de los Toros,-32.82,-56.52,61.5,87,67,10.58,UY,1596950009
187,Manali,13.17,80.27,82.4,83,90,9.17,IN,1596950010
188,Zhigansk,66.77,123.37,59.5,68,100,9.53,RU,1596950011
189,‘Āhuimanu,21.44,-157.84,82.4,65,40,12.75,US,1596950012
190,Ballina,-28.87,153.57,66.2,39,40,14.99,AU,1596950014
191,Sitka,57.05,-135.33,55.4,87,90,5.82,US,1596950015
192,Puerto Colombia,10.99,-74.95,82.4,88,40,14.99,CO,1596950016
193,Waingapu,-9.66,120.26,85.55,54,10,9.98,ID,1596950017
194,Ribeira Grande,38.52,-28.7,69.24,69,16,3.8,PT,1596950018
195,Aklavik,68.22,-135.01,53.6,71,75,12.75,CA,1596950020
196,Dikson,73.51,80.55,41.63,95,100,18.59,RU,1596950021
197,Tezu,27.92,96.17,78.33,87,100,0.69,IN,1596950022
198,Butaritari,3.07,172.79,83.89,73,12,18.99,KI,1596950023
199,Khandyga,62.67,135.6,80.29,28,39,4.16,RU,1596950025
200,Bhag,29.04,67.82,91.87,56,2,1.36,PK,1596950026
201,Lattes,43.57,3.9,71.6,94,90,4.7,FR,1596950027
202,Te Karaka,-38.47,177.87,53.08,62,0,4.92,NZ,1596950028
203,Fochville,-26.49,27.49,48.88,68,0,12.8,ZA,1596950029
204,Ponta do Sol,32.67,-17.1,73.4,64,20,9.17,PT,1596950030
205,Tuatapere,-46.13,167.68,48.0,91,99,17.0,NZ,1596950032
206,Jiexiu,37.02,111.91,90.93,36,0,6.82,CN,1596950033
207,Porto Recanati,43.44,13.66,77.0,88,0,4.7,IT,1596950034
208,Akdepe,42.06,59.38,82.4,45,0,11.41,TM,1596950035
209,Marakkanam,12.2,79.95,80.6,88,90,3.36,IN,1596950036
210,Saint Anthony,45.02,-93.22,69.8,83,1,3.36,US,1596950037
211,Alice Springs,-23.7,133.88,62.6,33,0,3.36,AU,1596950038
212,Troitskoye,52.98,84.68,78.08,50,0,7.56,RU,1596950040
213,Skagen,57.72,10.58,64.99,84,5,5.01,DK,1596950041
214,Tommot,58.96,126.29,76.14,42,34,4.88,RU,1596950042
215,Sorong,-0.88,131.25,84.47,70,85,7.49,ID,1596950043
216,Moindou,-21.69,165.68,75.2,64,90,10.29,NC,1596950044
217,Mandapam,9.28,79.12,81.39,78,100,12.01,IN,1596950045
218,Muromtsevo,56.37,75.24,76.96,61,0,9.8,RU,1596950047
219,Colac,-38.33,143.58,55.0,98,38,1.01,AU,1596950048
220,Zhicheng,30.3,111.5,93.0,62,27,6.22,CN,1596950049
221,Malakal,9.53,31.66,70.21,97,100,3.24,SS,1596950050
222,Le Mars,42.79,-96.17,78.01,94,1,6.93,US,1596950051
223,Severo-Kuril'sk,50.68,156.12,53.37,92,99,13.2,RU,1596950053
224,Coyhaique,-45.58,-72.07,28.4,92,79,1.12,CL,1596950055
225,Huangcun,30.01,118.4,82.99,99,95,2.46,CN,1596950056
226,Rojhan,28.69,69.95,95.81,50,0,11.27,PK,1596950057
227,Presidencia Roque Sáenz Peña,-26.79,-60.44,68.79,45,0,7.45,AR,1596950058
228,Ratnagiri,16.98,73.3,82.18,82,100,11.27,IN,1596950059
229,Cherskiy,68.75,161.3,47.39,59,98,13.62,RU,1596950060
230,Kisi,9.08,3.85,66.33,95,45,6.64,NG,1596950062
231,Mossamedes,-15.2,12.15,58.26,86,4,5.06,AO,1596950063
232,Bosaso,11.28,49.18,91.4,41,1,19.46,SO,1596950021
233,Majene,-3.54,118.97,85.24,69,73,5.48,ID,1596950065
234,Hofn,64.25,-15.21,51.31,88,92,12.77,IS,1596950066
235,Olafsvik,64.89,-23.71,49.78,90,100,21.14,IS,1596950067
236,Toora-Khem,52.47,96.11,70.9,46,46,4.5,RU,1596950068
237,Jasper,37.2,-94.35,80.6,78,1,9.17,US,1596950070
238,Pisco,-13.7,-76.22,55.4,87,2,3.36,PE,1596950072
239,Linkou,45.3,130.28,84.43,54,84,14.09,CN,1596950073
240,Buri,-23.8,-48.59,56.73,92,36,5.35,BR,1596950074
241,Upernavik,72.79,-56.15,40.01,81,53,5.59,GL,1596950076
242,Marsá Maţrūḩ,31.35,27.25,75.2,73,13,11.32,EG,1596950077
243,Camacha,33.08,-16.33,71.6,83,20,6.93,PT,1596950078
244,Ursulo Galván,22.73,-98.3,80.01,81,96,1.99,MX,1596950079
245,Mbuji-Mayi,-6.15,23.6,71.37,38,69,1.88,CD,1596950080
246,Bairiki Village,1.33,172.98,86.0,70,20,12.75,KI,1596950081
247,Olean,42.08,-78.43,60.8,77,1,2.08,US,1596949796
248,Mayumba,-3.43,10.66,72.82,76,96,6.58,GA,1596950084
249,Mastic Beach,40.77,-72.85,73.0,88,1,5.26,US,1596950085
250,Kualakapuas,-3.01,114.39,89.6,59,40,4.7,ID,1596950086
251,Gisborne,-38.65,178.0,59.0,50,0,1.99,NZ,1596949936
252,Seoul,37.57,126.98,77.0,94,90,6.93,KR,1596950068
253,Chernyshevskiy,63.01,112.47,78.06,32,91,6.76,RU,1596950089
254,Anchorage,61.22,-149.9,63.0,48,75,6.93,US,1596950050
255,Votkinsk,57.05,53.99,57.0,84,87,3.0,RU,1596950091
256,Saint-Augustin,51.23,-58.65,63.19,75,81,10.49,CA,1596950093
257,Noumea,-22.28,166.46,75.2,64,90,10.29,NC,1596949971
258,Singaraja,-8.11,115.09,84.96,58,0,4.56,ID,1596950095
259,Māngrol,21.12,70.12,85.08,77,76,18.57,IN,1596950096
260,Mahalapye,-23.1,26.81,47.37,82,0,9.75,BW,1596950097
261,Maragogi,-9.01,-35.22,71.96,88,21,6.91,BR,1596949833
262,Fortuna,40.6,-124.16,57.0,84,5,1.23,US,1596950100
263,Horsham,51.06,-0.33,66.0,82,54,8.05,GB,1596950101
264,Bethel,41.37,-73.41,69.8,88,1,3.22,US,1596949811
265,Katobu,-4.94,122.53,85.66,69,48,7.58,ID,1596950103
266,Tecolutla,20.48,-97.02,78.42,84,100,3.94,MX,1596950104
267,Longyearbyen,78.22,15.64,51.8,62,49,2.24,SJ,1596950105
268,Baft,29.23,56.61,81.97,16,48,2.46,IR,1596950106
269,Rāpar,23.57,70.63,87.98,67,43,18.1,IN,1596950107
270,Fria,10.42,-13.58,71.04,100,100,2.21,GN,1596950109
271,Lamu,-2.27,40.9,77.04,73,48,18.7,KE,1596950110
272,College,64.86,-147.8,62.6,72,75,5.82,US,1596950111
273,Pangnirtung,66.15,-65.71,40.73,73,96,3.47,CA,1596949867
274,Angoram,-4.06,144.07,88.79,57,96,4.79,PG,1596950114
275,Saint George,37.1,-113.58,84.2,9,1,0.29,US,1596950115
276,São Filipe,14.9,-24.5,77.92,78,49,7.81,CV,1596950116
277,Tayoltita,24.08,-105.93,71.74,70,22,6.89,MX,1596950117
278,Winslow,35.02,-110.7,73.4,35,1,6.93,US,1596950118
279,Floriano,-6.77,-43.02,75.07,58,0,10.54,BR,1596950119
280,Nouadhibou,20.93,-17.03,69.8,88,0,19.46,MR,1596950120
281,Kapit,2.02,112.93,98.28,42,88,0.36,MY,1596950122
282,Vardø,70.37,31.11,53.08,88,55,17.47,NO,1596950123
283,Atuona,-9.8,-139.03,79.72,75,2,24.27,PF,1596950124
284,Nabire,-3.37,135.48,83.97,72,32,5.1,ID,1596950125
285,Northam,51.03,-4.22,59.0,96,22,1.01,GB,1596950126
286,San Vicente,-26.62,-54.13,56.95,67,0,2.3,AR,1596950127
287,Sokoni,-6.43,39.55,73.4,83,20,6.93,TZ,1596950128
288,Torrington,41.8,-73.12,69.01,98,5,3.15,US,1596950130
289,Baykit,61.67,96.37,83.12,29,12,3.18,RU,1596950131
290,Guiratinga,-16.35,-53.76,66.09,47,0,4.14,BR,1596950132
291,Sursk,53.08,45.68,62.17,70,0,10.76,RU,1596950133
292,Nenita,12.49,124.8,88.12,61,95,8.55,PH,1596950134
293,Agía Galíni,35.1,24.68,75.99,79,1,7.27,GR,1596950136
294,Zilair,52.23,57.44,63.5,87,90,4.36,RU,1596950137
295,Viedma,-40.81,-63.0,46.0,79,42,4.0,AR,1596950138
296,Dunedin,-45.87,170.5,55.0,59,83,5.01,NZ,1596950139
297,Chu,43.6,73.76,85.01,39,52,7.78,KZ,1596950140
298,Cidreira,-30.18,-50.21,59.38,92,0,11.48,BR,1596950141
299,Cabo San Lucas,22.89,-109.91,84.99,60,9,9.33,MX,1596950043
300,Negombo,7.21,79.84,82.4,78,75,8.05,LK,1596949847
301,Alofi,-19.06,-169.92,73.4,69,0,4.7,NU,1596950146
302,Kostyantynivka,48.53,37.71,70.16,55,0,10.78,UA,1596950147
303,Sur,22.57,59.53,87.13,61,99,14.85,OM,1596950148
304,Mahibadhoo,3.78,72.97,83.03,77,100,13.02,MV,1596950149
305,Concepción del Uruguay,-32.48,-58.24,68.0,74,98,1.99,AR,1596950150
306,Morehead,37.27,-87.18,71.6,83,40,4.85,US,1596950151
307,Ilulissat,69.22,-51.1,37.4,95,100,6.93,GL,1596950152
308,Provideniya,64.38,-173.3,50.14,67,36,5.57,RU,1596950154
309,Raymond,43.9,-70.47,66.0,88,9,3.91,US,1596950155
310,Chara,56.91,118.26,70.03,49,100,6.89,RU,1596950156
311,Honiara,-9.43,159.95,85.73,68,87,7.72,SB,1596950157
312,Guiren,33.67,118.19,84.42,80,98,3.31,CN,1596950158
313,Lagoa,39.05,-27.98,68.52,66,0,3.65,PT,1596950159
314,Lompoc,34.64,-120.46,61.0,82,2,4.7,US,1596949885
315,Kiryat Gat,31.61,34.76,79.0,47,35,1.99,IL,1596950162
316,Nyurba,63.28,118.33,79.95,38,14,6.08,RU,1596950163
317,Isabela,6.71,121.97,87.8,74,75,6.93,PH,1596950164
318,Petropavlovsk-Kamchatskiy,53.05,158.65,57.2,71,75,13.42,RU,1596950165
319,Inuvik,68.35,-133.72,53.6,71,75,12.75,CA,1596950166
320,Saint Paul Harbor,57.79,-152.41,53.6,87,90,5.82,US,1596950167
321,Cortez,37.35,-108.59,62.6,33,1,8.05,US,1596950169
322,Kuah,6.33,99.84,89.6,75,20,1.12,MY,1596950170
323,Saint-Philippe,-21.36,55.77,68.0,68,40,20.8,RE,1596950171
324,Ortona,42.35,14.4,79.0,72,0,5.82,IT,1596950172
325,Te Anau,-45.42,167.72,44.76,84,100,7.14,NZ,1596950173
326,Liwale,-9.77,37.93,65.05,62,24,10.51,TZ,1596950174
327,Córdoba,-31.41,-64.18,55.0,81,40,6.93,AR,1596949947
328,Mūl,20.07,79.67,84.94,78,100,11.03,IN,1596950177
329,Baruun-Urt,46.68,113.28,72.34,39,95,7.7,MN,1596950178
330,Concordia,-31.39,-58.02,66.0,77,21,4.0,AR,1596950179
331,Mareeba,-17.0,145.43,82.4,51,75,6.93,AU,1596950181
333,Touros,-5.2,-35.46,69.8,100,20,5.82,BR,1596950183
334,Quelimane,-17.88,36.89,60.01,82,48,4.41,MZ,1596950036
335,Sibolga,1.74,98.78,87.13,56,99,4.88,ID,1596950185
336,Ilhéus,-14.79,-39.05,68.23,90,80,3.69,BR,1596950186
337,Evensk,61.95,159.23,66.16,58,28,3.29,RU,1596950188
338,Quesnel,53.0,-122.5,55.4,82,90,2.59,CA,1596950189
339,Goderich,43.75,-81.72,73.0,77,23,14.07,CA,1596950190
340,Lorengau,-2.02,147.27,84.16,70,63,5.88,PG,1596950192
341,Vestmannaeyjar,63.44,-20.27,51.57,93,100,31.45,IS,1596950193
342,Berbera,10.44,45.01,88.56,43,3,27.85,SO,1596950194
343,Gallup,35.53,-108.74,66.99,55,1,12.3,US,1596950195
344,Wadi Maliz,36.47,8.55,66.2,77,20,4.7,TN,1596950197
345,Weyburn,49.67,-103.85,66.99,56,96,5.01,CA,1596950198
346,Arrondissement d'Ajaccio,42.0,8.92,68.0,72,0,3.36,FR,1596950199
347,Refojos de Basto,41.51,-8.0,62.01,91,73,1.07,PT,1596950200
348,Nemuro,43.32,145.57,66.2,88,75,5.82,JP,1596950201
349,Deputatsky,69.3,139.9,45.73,96,100,4.56,RU,1596950202
350,Kismayo,-0.36,42.55,77.92,74,89,18.48,SO,1596950204
351,Zheleznodorozhnyy,55.75,38.0,72.0,77,40,8.95,RU,1596950205
352,Charters Towers,-20.1,146.27,72.72,34,58,8.7,AU,1596950206
353,Ol'ga,43.74,135.29,71.64,70,53,6.31,RU,1596950207
354,Neiafu,-18.65,-173.98,77.0,73,40,6.93,TO,1596950208
355,Luanshya,-13.14,28.42,48.34,91,14,3.8,ZM,1596950210
356,Morondava,-20.28,44.28,70.21,55,11,9.53,MG,1596950211
357,Pathein,16.78,94.73,87.67,71,85,9.98,MM,1596950212
358,Waipawa,-41.41,175.52,55.4,71,1,13.87,NZ,1596950213
359,Palana,59.12,159.97,61.88,58,100,10.29,RU,1596950214
360,Ostrovnoy,68.05,39.51,51.8,85,99,6.2,RU,1596950215
361,Bambous Virieux,-20.34,57.76,71.01,52,40,13.87,MU,1596950216
362,Amarante,-6.24,-42.85,72.16,59,0,7.7,BR,1596950218
363,Lázaro Cárdenas,17.96,-102.2,77.95,88,100,7.07,MX,1596950219
364,Blenheim,-41.52,173.95,57.0,52,0,4.0,NZ,1596950220
365,Cabedelo,-6.98,-34.83,71.6,100,40,5.82,BR,1596950221
366,Ganzhou,28.82,115.43,86.02,77,96,5.68,CN,1596950222
367,Constitución,-35.33,-72.42,51.24,80,100,9.4,CL,1596950223
368,Broome,42.25,-75.83,66.2,82,1,1.23,US,1596950224
369,Great Yarmouth,52.61,1.73,64.0,99,49,4.0,GB,1596950226
370,Khāsh,28.22,61.22,77.25,39,100,8.05,IR,1596950227
371,Avera,33.19,-82.53,73.4,80,1,4.7,US,1596950228
372,Cayenne,4.93,-52.33,75.2,100,100,6.69,GF,1596950229
373,Meulaboh,4.14,96.13,86.23,59,94,4.54,ID,1596950230
374,Kiunga,-6.12,141.29,83.34,73,92,2.37,PG,1596950231
375,Muros,42.78,-9.06,64.0,87,51,4.92,ES,1596950233
376,Vila Franca do Campo,37.72,-25.43,66.2,88,20,3.36,PT,1596950234
377,Medina,24.47,39.61,89.6,31,60,6.93,SA,1596950236
378,Taltal,-25.4,-70.48,53.89,77,25,1.32,CL,1596950237
379,Rtishchevo,52.26,43.79,63.79,70,0,10.83,RU,1596950238
380,Flinders,-34.58,150.86,55.0,95,93,7.0,AU,1596950239
381,Sovetskiy,61.36,63.58,56.25,71,100,10.4,RU,1596950241
382,Invermere,50.52,-116.04,53.31,56,32,4.14,CA,1596950144
383,Bilibino,68.05,166.44,49.73,72,100,5.73,RU,1596950243
384,Jämsä,61.86,25.19,64.4,72,11,4.7,FI,1596950245
385,Snezhnogorsk,69.19,33.25,55.4,76,65,6.71,RU,1596950246
386,Mucurapo,10.67,-61.53,78.01,94,20,6.76,TT,1596950247
387,Mahébourg,-20.41,57.7,69.8,52,40,13.87,MU,1596950248
388,Kumul,42.8,93.45,95.45,10,0,3.09,CN,1596950249
389,Galesong,-5.32,119.37,89.6,55,20,8.05,ID,1596950251
390,Nantucket,41.28,-70.1,69.8,88,90,6.93,US,1596950213
391,Hickory,35.73,-81.34,72.0,94,1,2.35,US,1596950253
392,Gornyy,55.12,83.91,73.42,70,0,10.2,RU,1596950254
393,Bariadi,-2.8,33.98,63.73,61,48,7.67,TZ,1596950255
394,Soller,39.77,2.72,71.01,73,0,4.7,ES,1596950256
395,Malbork,54.04,19.03,71.01,100,79,2.8,PL,1596950257
396,Kudahuvadhoo,2.67,72.89,82.9,80,100,11.92,MV,1596950259
397,Florø,61.6,5.03,51.8,93,38,5.82,NO,1596950260
398,Thinadhoo,0.53,72.93,82.67,80,99,10.69,MV,1596950261
399,Luanda,-8.84,13.23,71.6,88,75,6.93,AO,1596950263
400,Ulaangom,49.98,92.07,71.13,42,0,6.8,MN,1596950264
401,Yerofey Pavlovich,53.97,121.97,59.58,95,100,8.21,RU,1596950266
402,Tombouctou,20.0,-3.0,94.35,33,42,9.22,ML,1596950267
403,Yenotayevka,47.25,47.03,77.0,49,0,1.01,RU,1596950268
404,Vic,41.93,2.25,73.99,91,13,4.12,ES,1596950269
405,Grindavik,63.84,-22.43,51.8,93,90,26.4,IS,1596950270
406,Margate,51.38,1.39,68.0,95,56,1.99,GB,1596950272
407,Beringovskiy,63.05,179.32,50.54,75,33,5.32,RU,1596950273
408,Aswān,24.09,32.91,91.76,21,15,7.65,EG,1596950274
409,North Bend,43.41,-124.22,59.0,82,1,27.51,US,1596950275
410,Morro Bay,35.37,-120.85,61.0,90,9,0.85,US,1596950222
411,Río Gallegos,-51.62,-69.22,32.0,94,0,9.17,AR,1596950277
412,Aitape,-3.14,142.35,84.33,72,55,5.61,PG,1596950278
413,Soyo,-6.13,12.37,72.57,81,87,6.31,AO,1596950280
414,Agnibilékrou,7.13,-3.2,64.63,99,81,1.59,CI,1596950281
415,Beloha,-25.17,45.05,60.04,61,0,10.98,MG,1596950282
416,Shelburne,44.08,-80.2,66.99,87,40,10.94,CA,1596950283
417,Samarai,-10.62,150.67,80.26,85,78,12.03,PG,1596950284
418,Épinal,48.18,6.45,60.8,77,0,2.37,FR,1596950285
419,Kahului,20.89,-156.47,82.4,61,20,19.46,US,1596950048
420,Roswell,34.02,-84.36,78.8,88,1,2.39,US,1596950288
421,Tocopilla,-22.09,-70.2,57.78,68,9,0.83,CL,1596950172
422,Lufkin,31.34,-94.73,78.8,83,1,4.7,US,1596950290
423,Eyemouth,55.87,-2.09,52.0,95,38,6.31,GB,1596950291
424,Marsh Harbour,26.54,-77.06,83.48,78,12,9.22,BS,1596950292
425,Yablochnyy,47.17,142.07,71.6,64,40,8.95,RU,1596950293
426,Bukama,-9.2,25.85,66.58,45,58,2.48,CD,1596950295
427,Almoloya,19.7,-98.4,53.15,93,100,5.17,MX,1596950296
428,Ellisras,-23.66,27.74,46.78,84,0,3.91,ZA,1596950297
429,Nagato,34.38,131.2,88.0,83,75,17.22,JP,1596950298
430,Gaza,31.5,34.47,79.0,47,23,1.01,PS,1596950299
431,Bontang,0.13,117.5,82.99,80,100,7.47,ID,1596950300
432,Skellefteå,64.75,20.95,60.8,72,15,13.87,SE,1596950302
433,Shingū,33.73,135.98,80.6,88,75,4.7,JP,1596950303
434,Vadlapūdi,14.32,79.8,89.92,53,100,15.73,IN,1596950304
435,Santiago del Estero,-27.8,-64.26,60.93,60,0,4.47,AR,1596950178
436,Guarapari,-20.67,-40.5,64.4,93,40,4.0,BR,1596950306
437,Mehamn,71.04,27.85,53.53,87,93,5.61,NO,1596950307
438,Slatina,44.43,24.37,70.0,82,20,5.82,RO,1596950309
439,Erzin,36.96,36.2,82.99,73,39,5.01,TR,1596950310
440,Greenock,55.95,-4.76,52.0,93,9,5.82,GB,1596950311
441,Lishui,28.46,119.91,93.87,54,87,2.17,CN,1596950313
442,Selma,36.57,-119.61,89.6,44,1,8.14,US,1596950029
443,Talara,-4.58,-81.27,63.59,82,27,13.02,PE,1596950315
444,Adoni,15.63,77.28,82.8,66,100,16.02,IN,1596950317
445,Creel,27.75,-107.63,62.13,58,51,3.6,MX,1596950318
446,Urengoy,65.97,78.37,62.26,66,86,11.65,RU,1596950319
447,Zhangye,38.93,100.45,89.28,14,1,8.97,CN,1596950320
448,Bereda,43.27,-7.54,64.99,100,98,3.0,ES,1596950321
449,Tura,25.52,90.22,86.41,71,100,4.18,IN,1596950323
450,Taganak,6.08,118.3,86.0,74,20,5.82,PH,1596950324
451,Iquique,-20.22,-70.14,59.0,77,90,1.66,CL,1596950219
452,Mobaye,4.32,21.18,70.79,94,100,2.68,CF,1596950326
453,Sibiti,-3.68,13.35,66.04,87,74,5.55,CG,1596950328
454,Balikpapan,-1.27,116.83,86.0,89,20,6.93,ID,1596950050
455,Sola,-13.88,167.55,77.52,87,7,12.28,VU,1596950330
456,Krishnarājpet,12.65,76.49,75.2,88,75,10.29,IN,1596950331
457,Gigmoto,13.78,124.39,85.39,71,87,16.49,PH,1596950332
458,Penzance,50.12,-5.54,59.0,93,16,14.99,GB,1596950333
459,Turukhansk,65.82,87.98,76.42,44,7,9.13,RU,1596950334
460,Saryozek,44.36,77.98,74.37,49,96,3.15,KZ,1596950336
461,Tsaratanana,-16.78,47.65,68.05,53,2,15.61,MG,1596950337
462,Saint-François,46.42,3.91,64.0,72,0,2.24,FR,1596950338
463,Mauganj,24.68,81.88,85.64,71,92,5.66,IN,1596950339
464,Husavik,66.04,-17.34,51.8,76,40,13.87,IS,1596950341
465,Bahía Blanca,-38.72,-62.27,51.91,88,83,8.05,AR,1596950108
466,Sémbé,1.65,14.58,68.27,90,100,4.27,CG,1596950343
467,Pokrovskoye,47.42,38.9,71.01,46,0,13.0,RU,1596950345
468,Pontal do Paraná,-25.65,-48.51,57.2,93,75,3.36,BR,1596950347
469,Oktyabr'skoye,43.06,44.74,73.4,64,1,6.71,RU,1596950349
470,Xuanzhou,30.95,118.76,84.02,80,97,6.04,CN,1596950350
471,Cockburn Town,21.46,-71.14,83.12,83,82,17.96,TC,1596950351
472,Viranşehir,37.24,39.76,82.15,43,0,7.14,TR,1596950327
473,Necochea,-38.55,-58.74,51.01,97,70,5.99,AR,1596950355
474,Hamilton,39.18,-84.53,70.0,93,1,1.59,US,1596950140
475,Severodvinsk,64.56,39.83,57.2,87,40,2.24,RU,1596950357
476,Muisne,0.6,-80.03,73.62,84,94,8.99,EC,1596950358
477,Comodoro Rivadavia,-45.87,-67.5,37.4,64,0,9.17,AR,1596950359
478,Mahajanga,-15.72,46.32,75.2,53,20,10.29,MG,1596950362
479,Prince Rupert,54.32,-130.32,57.2,82,90,3.36,CA,1596950363
480,Pangody,65.85,74.49,56.25,74,100,11.77,RU,1596950364
481,Bam,29.11,58.36,93.4,15,33,12.53,IR,1596950367
482,Trincomalee,8.57,81.23,84.38,72,100,8.28,LK,1596950368
483,Ancud,-41.87,-73.82,44.01,93,75,3.36,CL,1596950369
484,Teremia Mare,45.94,20.52,75.99,100,0,1.12,RO,1596950370
485,Solnechnyy,50.72,136.63,72.59,56,55,6.96,RU,1596950372
486,Ahipara,-35.17,173.17,54.95,66,45,8.75,NZ,1596950373
487,Bluefields,12.01,-83.76,79.59,88,100,10.27,NI,1596950375
488,Luganville,-15.53,167.17,80.6,69,75,4.7,VU,1596950377
489,Piraju,-23.19,-49.38,59.74,77,48,6.6,BR,1596950180
490,Nishihara,26.18,127.76,84.0,100,90,13.87,JP,1596950379
491,Maniitsoq,65.42,-52.9,42.96,69,96,3.62,GL,1596950381
492,Doha,25.29,51.53,106.0,19,98,6.93,QA,1596950355
493,Kathu,7.92,98.33,88.0,70,40,14.99,TH,1596950383
494,Vao,-22.67,167.48,70.77,72,100,8.37,NC,1596950385
495,Pereleshinskiy,51.71,40.2,66.2,63,12,4.47,RU,1596950387
496,Isernia,41.6,14.24,68.0,81,0,7.25,IT,1596950388
497,Anjo,34.96,137.08,102.0,66,75,13.87,JP,1596950390
498,Khani,41.96,42.96,75.2,83,0,2.24,GE,1596950391
499,Hambantota,6.12,81.12,84.2,79,40,11.41,LK,1596950392
500,Ambon City,-3.7,128.18,86.0,70,40,6.93,ID,1596950394
501,Tigil',57.8,158.67,69.35,45,100,9.19,RU,1596950395
502,Najrān,17.49,44.13,86.0,37,75,11.41,SA,1596950396
503,Satinka,52.38,41.68,64.45,73,0,8.61,RU,1596950397
504,Maués,-3.38,-57.72,76.1,61,17,1.48,BR,1596950399
505,Batemans Bay,-35.72,150.18,54.0,89,100,15.01,AU,1596950400
506,Sangar,63.92,127.47,76.53,36,1,8.57,RU,1596950401
507,Machaneng,-23.19,27.49,45.97,88,0,5.86,BW,1596950402
508,Lata,40.16,-8.33,66.99,94,21,1.07,PT,1596950403
509,Acajutla,13.59,-89.83,69.01,100,97,6.35,SV,1596950404
510,Talnakh,69.49,88.4,68.0,68,100,17.9,RU,1596950405
511,Pozo Colorado,-23.49,-58.8,66.99,37,0,5.5,PY,1596950407
512,São Desidério,-12.36,-44.97,63.03,70,1,3.71,BR,1596950408
513,Alegrete,-29.78,-55.79,61.0,84,28,5.75,BR,1596950409
514,Aasiaat,68.71,-52.87,35.65,96,100,6.26,GL,1596950410
515,Tiarei,-17.53,-149.33,80.6,57,20,18.34,PF,1596950411
516,Sheksna,59.21,38.51,60.8,87,75,2.24,RU,1596950413
517,Baiyin,36.56,104.21,80.6,34,20,11.18,CN,1596950414
518,Exeter,50.72,-3.53,61.0,94,12,6.89,GB,1596950268
519,Sheffield,53.38,-1.47,57.99,94,100,3.0,GB,1596950299
520,Araci,-11.33,-38.97,63.57,96,10,4.94,BR,1596950418
521,Harper,4.38,-7.72,73.47,81,53,4.72,LR,1596950419
522,Bay Roberts,47.6,-53.26,63.0,1,100,11.63,CA,1596950420
523,Magán,39.97,-3.93,78.01,43,0,1.12,ES,1596950421
524,Krasnosel'kup,65.7,82.47,76.53,55,41,13.38,RU,1596950422
525,Beckley,37.78,-81.19,66.2,88,1,1.12,US,1596950423
526,Aras,42.56,-2.36,68.0,88,49,2.24,ES,1596950424
528,Cap Malheureux,-19.98,57.61,72.0,59,30,11.01,MU,1596950427
529,Xai-Xai,-25.05,33.64,57.33,76,0,11.63,MZ,1596950428
530,Farafangana,-22.82,47.83,64.35,67,67,2.13,MG,1596950429
531,Cartagena,10.4,-75.51,82.6,82,32,12.48,CO,1596950430
532,Ossora,59.24,163.07,58.46,75,100,14.36,RU,1596950431
533,Shache,38.42,77.24,96.04,11,74,7.92,CN,1596950432
534,Ust-Nera,64.57,143.2,72.37,23,12,8.59,RU,1596950433
535,Taldan,53.67,124.8,58.39,99,100,9.48,RU,1596950435
536,Three Hills,51.7,-113.27,50.0,81,40,8.05,CA,1596950436
537,Zharkent,44.16,80.0,67.3,68,100,8.43,KZ,1596950437
538,Newport,51.59,-3.0,63.0,89,31,1.01,GB,1596950391
539,Posadas,-27.37,-55.9,60.46,71,1,5.06,AR,1596950439
540,Phan Thiet,10.93,108.1,87.17,67,86,12.5,VN,1596950440
541,General Pico,-35.66,-63.76,50.67,89,54,5.19,AR,1596950442
542,Labuhan,-6.88,112.21,87.01,57,13,10.16,ID,1596950444
543,Kibondo,-3.59,30.72,65.57,57,89,6.85,TZ,1596950445
544,Warrington,53.39,-2.58,59.0,87,5,5.39,GB,1596950299
545,Norman Wells,65.28,-126.83,57.2,100,75,2.24,CA,1596950447
546,Orizona,-17.03,-48.3,57.51,65,0,3.89,BR,1596950448
547,Pacific Grove,36.62,-121.92,60.01,93,36,1.5,US,1596950451
548,Fairbanks,64.84,-147.72,62.6,67,75,3.2,US,1596950370
549,Grants Pass,42.44,-123.33,75.2,38,1,13.87,US,1596950453
550,Shamkhal,43.06,47.34,87.01,40,0,6.71,RU,1596950454
551,Plátanos,37.67,21.62,73.4,83,40,5.82,GR,1596950455
552,Peachland,49.77,-119.74,69.8,77,90,3.36,CA,1596950457
553,Camacupa,-12.02,17.48,52.14,44,0,4.52,AO,1596950458
555,Guerrero Negro,27.98,-114.06,69.39,77,0,15.73,MX,1596950183
556,Pemangkat,1.17,108.97,86.85,65,100,9.51,ID,1596950461
557,Faanui,-16.48,-151.75,78.44,80,6,17.83,PF,1596950463
558,Poum,-20.23,164.02,72.45,78,46,21.52,NC,1596950464
559,Hastings,50.86,0.57,66.99,88,18,4.0,GB,1596950306
560,Bud,39.45,-86.18,70.0,91,48,4.47,US,1596950323
561,San Policarpo,12.18,125.51,80.96,74,100,5.57,PH,1596950467
562,Garissa,-0.45,39.64,74.5,70,79,21.61,KE,1596950469
563,Puerto del Rosario,28.5,-13.86,73.4,78,90,13.87,ES,1596950470
564,Conde,-7.26,-34.91,71.6,100,40,5.82,BR,1596950173
565,Porto Nacional,-10.71,-48.42,67.64,49,0,2.53,BR,1596950472
566,Tual,-5.67,132.75,78.82,86,70,13.98,ID,1596950473
567,Ucluelet,48.93,-125.55,57.0,86,1,8.9,CA,1596950475
568,Tessalit,20.2,1.01,87.94,47,14,10.71,ML,1596950476
569,Mhasla,18.13,73.12,81.59,83,100,9.95,IN,1596950477
570,Port Hedland,-20.32,118.57,77.0,53,90,13.87,AU,1596950478
571,Ponta Delgada,37.73,-25.67,66.2,88,20,3.36,PT,1596950480
572,Paamiut,61.99,-49.67,42.28,82,35,4.92,GL,1596950481
573,Uyemskiy,64.47,40.85,57.2,87,40,2.24,RU,1596950482
574,Road Town,18.42,-64.62,82.0,84,7,11.99,VG,1596950483
575,Beaverlodge,55.22,-119.44,55.4,62,75,11.41,CA,1596950484
576,Aykhal,66.0,111.5,62.6,63,40,4.47,RU,1596950486
577,Léo,11.1,-2.1,69.01,95,50,6.69,BF,1596950487
578,Dayong,25.02,118.29,96.8,50,20,4.47,CN,1596950488
579,Savannah Bight,16.45,-85.85,83.32,80,55,19.84,HN,1596950489
580,Acarí,-15.43,-74.62,60.84,59,51,2.51,PE,1596950490
581,Kargasok,59.06,80.86,75.47,47,0,4.12,RU,1596950491
582,Rio Grande da Serra,-23.74,-46.4,69.01,87,46,4.7,BR,1596950493
583,Khao Wong,16.7,104.09,87.8,79,40,4.7,TH,1596950494
584,Maumere,-8.62,122.21,83.97,61,0,3.76,ID,1596950495
585,Chake Chake,-5.25,39.77,76.15,73,79,13.71,TZ,1596950496
586,Guadalupe y Calvo,26.1,-106.97,60.31,74,82,5.19,MX,1596950498
587,Rauma,61.13,21.51,66.2,88,81,5.82,FI,1596950499
588,Ulety,51.36,112.48,67.41,71,90,0.38,RU,1596950502
589,Kabo,7.7,18.63,70.11,97,96,3.62,CF,1596950503
590,Kyabé,9.45,18.94,71.94,95,100,3.96,TD,1596950504
591,Cikampek,-6.42,107.46,89.6,55,40,4.7,ID,1596950461
592,Buchanan,5.88,-10.05,73.96,83,41,7.09,LR,1596950275
593,Los Llanos de Aridane,28.66,-17.92,73.4,88,75,11.41,ES,1596950507
594,San Bartolo,19.18,-100.05,62.01,87,90,11.41,MX,1596950508
595,Eureka,40.8,-124.16,57.0,84,3,1.21,US,1596950510
596,Melur,10.05,78.33,80.6,78,40,3.36,IN,1596950511
597,Padang,-0.95,100.35,87.06,60,50,5.95,ID,1596950512
598,Safi,32.3,-9.24,71.29,93,26,14.54,MA,1596950513
599,Wattegama,6.8,81.48,84.2,79,40,11.41,LK,1596950514
600,Nelson Bay,-32.72,152.15,59.0,51,2,24.16,AU,1596950515
601,Luang Prabang,19.89,102.13,86.0,74,40,4.7,LA,1596950516
602,Stromness,58.97,-3.3,53.01,100,0,9.17,GB,1596950518
603,Gamba,-2.65,10.0,72.16,73,99,4.5,GA,1596950519
604,Qasigiannguit,68.82,-51.19,37.4,95,100,6.93,GL,1596950520
605,Streletskoye,50.64,36.47,66.2,68,0,4.47,RU,1596950521
606,Chapais,49.78,-74.85,66.2,63,90,3.36,CA,1596950522
607,Ferrol,43.48,-8.24,64.99,93,38,4.85,ES,1596950524
608,Muzhi,65.37,64.67,56.53,64,24,6.89,RU,1596950525
609,Saint Paul,44.94,-93.09,71.6,83,1,5.1,US,1596950452
610,Coquimbo,-29.95,-71.34,50.0,93,90,4.7,CL,1596950527
611,Malindi,-3.22,40.12,73.4,88,75,19.13,KE,1596950320
612,Owando,-0.48,15.9,72.09,80,73,4.59,CG,1596950529
613,Whitehorse,60.72,-135.05,59.0,44,75,9.17,CA,1596950531
614,Launceston,-41.45,147.17,51.8,53,0,3.36,AU,1596950532
615,Arrondissement de Saint-Denis,48.92,2.33,78.01,53,55,4.7,FR,1596950533
616,Kyshtovka,56.55,76.63,76.5,65,0,11.27,RU,1596950534
617,Colares,38.8,-9.45,66.0,82,20,12.75,PT,1596950536
618,Guymon,36.68,-101.48,80.6,44,40,19.46,US,1596950537
619,Dolný Kubín,49.21,19.3,66.99,93,0,5.82,SK,1596950538
620,Āsosa,10.07,34.53,63.05,98,82,3.44,ET,1596950540
621,Flin Flon,54.77,-101.86,55.17,69,21,6.44,CA,1596950541
622,Tairua,-37.02,175.85,55.0,75,13,8.99,NZ,1596950542
623,Lerwick,60.15,-1.15,46.4,100,5,1.12,GB,1596950543
624,Muroto-misakicho,33.28,134.15,87.8,74,75,13.87,JP,1596950544
625,Adilabad,19.67,78.53,80.53,81,100,11.48,IN,1596950546
